1995,1996,1997,1998,1999,2000,2001,2002,2003,2004,2005,2006,2007,2008,2009,2010,2011,2012,2013,2014,2015,2016,2017,2018,2019,2020,Código,Nombre del indicador,Nombre,Fuente,Unidades,Dirección,Observaciones,Datos faltantes,Periodo inicial,Periodo final,Máximo,Mínimo,Máx teórico,Min teórico,Meta PNUD,Meta MML,Periodo meta,Instrumental al territorio,Instrumental a la MML,Instrumental,ODS1,ODS2,ODS meta,Territorio,Abreviatura,control_corrupcion,estado_de_derecho
,,,,,,,,,,,,0.8928,0.892,0.8941905248697748,0.8932286681831529,0.89591216,0.8944770966418246,0.8987179103445804,0.8985661710802184,0.89727354758254,0.8986011120111101,0.8947913426552554,0.8981475104680144,0.8964112300640011,0.87832,var1,Población en situación de pobreza extrema monetaria,Población en situación de pobreza extrema monetaria,ENAHO - INEI,Porcentaje,-,13,,2007,2020,2.71,0.16026120692746243,0.9,0.1,0.9,,2030,instrumental,instrumental,1,1,,1.1,Lima Metropolitana,pobr_extre,0.4314421111815854,0.3855436118025528
,,,,,,,,,,,,0.6992,0.7264,0.7711656203632556,0.7732767239767289,0.7748864000000001,0.7836676,0.7973538434403643,0.805742280830736,0.8123769813310203,0.8120142448171254,0.7936409596529428,0.7949812764610787,0.7864034635777932,0.68696,var2,Población en situación de pobreza monetaria,Población en situación de pobreza monetaria,ENAHO - INEI,Porcentaje,-,13,,2007,2020,26.63,10.95287733362246,0.9,0.1,0.8128000000000001,,2030,instrumental,instrumental,1,1,,1.2,Lima Metropolitana,pobr_mone,0.4314421111815854,0.3855436118025528
,,,,,,,,,,,,,,0.8044241246287066,0.8224525040544511,0.8110108046205615,0.8229250456213948,0.8244148539864924,0.823189986260133,0.8330727857758553,0.8329178309338036,0.8354410048872175,0.8302708836563368,0.8295591372168483,0.82736,var4,Población con al menos una necesidad básica insatisfecha,Población con al menos una necesidad básica insatisfecha,ENAHO - INEI,Porcentaje,-,11,,2009,2020,11.946984421411678,8.069874389097803,0.9,0.1,,0.8540800000000001,2030,instrumental,colateral,1,1,,1.2,Provincia de Lima,nece_basic,0.4314421111815854,0.3855436118025528
,,,,,,,,,,,,,,0.481857539562785,0.4724701912976018,0.5238331687769405,0.4973030241265012,0.48243785169663267,0.4725333614451622,0.4069581226515018,0.48377311194119454,0.49141066651497944,0.5190759543345945,0.5556616049337759,0.36160000000000003,var5,Hogares pobres con al menos un miembro beneficiado de programas alimentarios,Hogares pobres con al menos un miembro beneficiado de programas alimentarios,ENAHO - INEI,Porcentaje,+,11,,2009,2020,56.957700616721986,32.7,0.9,0.1,0.9,,2030,instrumental,instrumental,1,1,2.0,1.2,Provincia de Lima,prog-alime,0.4314421111815854,0.3855436118025528
,,,,,,,,,,,,0.368,0.36639999999999995,0.3792,0.3872,0.3984,0.41680000000000006,0.40480000000000005,0.4304,0.4184,0.4184,0.43520000000000003,0.43520000000000003,0.42880000000000007,0.42616,var6,Proporción de población de 14 a más años de edad con seguro de pensión,Proporción de población de 14 a más años de edad con seguro de pensión,ODS-INEI,Porcentaje,+,13,,2007,2020,41.9,33.3,0.9,0.1,0.9,,2030,instrumental,instrumental,1,1,,1.3,Provincia de Lima,segu-pens,0.4314421111815854,0.3855436118025528
,,,,,,,,,,,,,0.32207644543035585,0.33595727480014537,0.3377581893534103,0.3449052844689956,0.36813967278419646,0.366613077577694,0.3756159099441191,0.3800784296766625,0.372848775266832,0.3786503498421876,0.3625317337750602,0.3645400901427923,0.37056,var8,Población con acceso a seguro social de salud - EsSalud,Población con acceso a seguro social de salud - EsSalud,ENAHO - INEI,Porcentaje,+,12,,2008,2020,35.00980370958281,27.75955567879448,0.9,0.1,,0.4522400000000001,2030,instrumental,instrumental,1,1,,1.3,Provincia de Lima,segur_socia,0.4314421111815854,0.3855436118025528
,,,,,,,,,,,,,0.1707199440454833,0.18693958066955318,0.19858311212769245,0.20018481021233026,0.1898898662842608,0.23078133825467273,0.25591889081920227,0.2896152702198121,0.316973189154036,0.32253557934128785,0.33059294541006157,0.3462027660991368,0.3768,var9,Población afiliada al seguro integral de salud,Población afiliada al seguro integral de salud,ENAHO - INEI,Porcentaje,+,12,,2008,2020,34.6,8.83999300568541,0.9,0.1,,0.32080000000000003,2030,instrumental,instrumental,1,1,,1.3,Provincia de Lima,segur_integ,0.4314421111815854,0.3855436118025528
,,,,,,,,,,,,,,,,,,0.8296,0.8320000000000001,0.8480000000000001,0.8623999999999999,0.8512000000000001,0.86,0.8656,0.87672,var10,Proporción de la población que vive en hogares con acceso a los servicios básicos,Proporción de la población que vive en hogares con acceso a los servicios básicos,ODS-INEI,Porcentaje,+,6,,2013,2019,95.7,91.2,0.9,0.1,0.9,,2030,instrumental,instrumental,1,1,11.0,1.4,Provincia de Lima,hogar_servi,0.4314421111815854,0.3855436118025528
,,,,,,,,,,,,,,0.628,0.628,0.6256,0.6432,0.6552,0.6464,0.632,0.6136,0.6256,0.62,0.628,0.64632,var11,Viviendas particulares propias (% del total de viviendas particulares),Viviendas particulares propias (% del total de viviendas particulares),ENAHO - INEI,Porcentaje,+,11,,2009,2020,69.4,64.2,0.9,0.1,,0.6340800000000001,2030,colateral,colateral,0,1,11.0,1.4,Provincia de Lima,vivi_prop,0.4314421111815854,0.3855436118025528
,,,,,,,,,,,,,,0.7280000000000001,0.7112,0.7080000000000001,0.7160000000000001,0.7192000000000001,0.7024,0.696,0.6968,0.6952,0.6968,0.6856,0.64944,var12,Viviendas particulares propias con título de propiedad (% respecto del total de viviendas particulares propias),Viviendas particulares propias con título de propiedad (% respecto del total de viviendas particulares propias),ENAHO - INEI,Porcentaje,+,11,,2009,2020,78.5,68.68,0.9,0.1,0.9,,2030,instrumental,colateral,1,1,11.0,1.4,Provincia de Lima,titu_prop,0.4314421111815854,0.3855436118025528
,,,,,,,,,,,,,0.8206168323429023,0.872672260222745,0.8491086119912425,0.8925044535403946,0.6978813386458518,0.872432924922148,0.8755007683207093,0.7823884575111849,0.6168010661299753,0.1,0.6964018113330704,0.8855310931911827,,var13,"Número de personas muertas, desaparecidas y afectadas por desastres","Número de personas muertas, desaparecidas y afectadas por desastres",ODS-INEI,Número,-,11,,2008,2019,73537.0,689.0,0.9,0.1,0.8925044535403946,,2030,instrumental,instrumental,1,1,11.0,1.5,Lima,nume_desa,0.4314421111815854,0.3855436118025528
,,,,,0.9,0.9,0.9,0.8998229600000001,0.89993288,0.8999244000000001,0.8998982400000001,0.89988928,0.899914,0.8999277600000001,0.89991616,0.8999064800000001,0.8996054400000001,0.8999024000000001,0.89991632,0.8998980000000001,0.8998332000000001,0.89976392,0.8999277600000001,0.89991096,,var14,Personas damnificadas por emergencia en LM por 100 mil personas,Personas damnificadas por emergencia en LM por 100 mil personas,"Compendio Estadístico del INDECI 2020. En la preparación, Respuesta y Rehabilitación de la GRD. III Información Estadística de Emergencia y Daños Periodo 2003 - 2019",Tasa,-,16,,2003,2019,0.04932,0.0,0.9,0.1,,0.9,2030,instrumental,instrumental,1,1,11.0,1.5,Lima Metropolitana,pers_damn,0.4314421111815854,0.3855436118025528
,,,,,0.9,0.9,0.9,0.89994488,0.89995608,0.8999495200000001,0.8999744,0.89996504,0.89983768,0.89998952,0.8999048000000001,0.89996,0.89953304,0.89997288,0.89994552,0.8998764,0.89988928,0.89872512,0.8995844000000001,0.89991104,,var15,Personas afectadas por emergencia en LM por 100 mil personas,Personas afectadas por emergencia en LM por 100 mil personas,"Compendio Estadístico del INDECI 2020. En la preparación, Respuesta y Rehabilitación de la GRD. III Información Estadística de Emergencia y Daños Periodo 2003 - 2019",Tasa,-,16,,2003,2019,0.15936,0.0,0.9,0.1,,0.9,2030,instrumental,instrumental,1,1,11.0,1.5,Lima Metropolitana,pers_afect,0.4314421111815854,0.3855436118025528
,,,,,,,,,,,,,,0.112,0.11280000000000001,0.11040000000000001,0.1208,0.1232,0.1272,0.12480000000000001,0.124,0.12480000000000001,0.124,0.1264,0.15600000000000003,var16,"Proporción del gasto público de capital destinado a sectores en beneficio de las mujeres, los pobres y los grupos vulnerables (%)","Proporción del gasto público de capital destinado a sectores en beneficio de las mujeres, los pobres y los grupos vulnerables (%)",MEF. INEI,Porcentaje,+,10,,2009,2019,7.0,1.3,0.9,0.1,,0.14320000000000002,2030,instrumental,instrumental,1,1,,1.b,Nacional,gasto_vulne,0.4314421111815854,0.3855436118025528
,,,,,,,,,,,,0.7776,0.7432000000000001,0.7615999999999999,0.76,0.7336,0.7208,0.7240000000000001,0.7400000000000001,0.7424000000000001,0.7088,0.6856,0.6888,0.6608,,var17,Porcentaje de población con déficit calórico (%),Porcentaje de población con déficit calórico (%),ENAHO - INEI,Porcentaje,-,12,,2007,2019,29.9,15.3,0.9,0.1,0.78,,2030,instrumental,instrumental,1,2,,2.1,Lima Metropolitana,defi_calori,0.4314421111815854,0.3855436118025528
,,,,,,,,,,,,,,,,,,0.8704,,0.8574910669964361,0.8605016511869418,0.8592,0.8638617161024997,0.86,,var19,Desnutrición crónica de niños/as menores de 5 años ,Desnutrición crónica de niños/as menores de 5 años ,ENAHO - INEI,Porcentaje,-,6,1.0,2013,2019,5.31361662544549,3.7,0.9,0.1,0.88,,2030,instrumental,instrumental,1,2,,2.2,Provincia de Lima,desn_croni,0.4314421111815854,0.3855436118025528
,,,,,,,,,,,,,,,0.8984,0.8984,0.8944,0.8992,0.8992,0.8976000000000001,0.8976000000000001,0.8984,0.8976000000000001,0.8976000000000001,,var20,Tasa de desnutrición aguda entre las niñas y niños menores de 5 años (OMS),Tasa de desnutrición aguda entre las niñas y niños menores de 5 años (OMS),ODS-INEI,Porcentaje,-,9,,2010,2019,0.7,0.1,0.9,0.1,,0.9,2030,instrumental,instrumental,1,2,,2.2,Provincia de Lima,desn_aguda,0.4314421111815854,0.3855436118025528
,,,,,,,,,,,,,,0.33599999999999997,0.32880000000000004,0.248,0.28880000000000006,0.3096,0.3032,0.30720000000000003,0.3088,0.31120000000000003,0.3144,0.2736,,var22,Prevalencia de anemia en niñas y niños de 6 a 59 meses de edad,Prevalencia de anemia en niñas y niños de 6 a 59 meses de edad,ENAHO - INEI,Porcentaje,+,10,,2009,2019,29.5,18.5,0.9,0.1,,0.24480000000000002,2030,instrumental,instrumental,1,2,,2.2,Lima Metropolitana,prev_anemi,0.4314421111815854,0.3855436118025528
,,,,,,,,,,,,,,,,,0.1857142857142857,0.32857142857142857,0.30000000000000004,0.1,0.41428571428571437,0.5,0.1857142857142857,0.21428571428571433,0.3571428571428571,var23,Número de muertes maternas directas,Número de muertes maternas directas,Drección General de Epidemiología - MINSA,Número,-,8,,2012,2020,28.0,14.0,0.9,0.1,,0.9,2030,instrumental,instrumental,1,3,,3.1,Provincia de Lima,muer_direc,0.4314421111815854,0.3855436118025528
,,,,,,,,,,,,,,,,,0.275609756097561,0.5487804878048781,0.5487804878048781,0.4902439024390244,0.47073170731707314,0.5487804878048781,0.5878048780487805,0.5878048780487805,0.1,var24,Número de muertes maternas indirectas,Número de muertes maternas indirectas,Drección General de Epidemiología - MINSA,Número,-,8,,2012,2020,41.0,16.0,0.9,0.1,,0.9,2030,instrumental,instrumental,1,3,,3.1,Provincia de Lima,muer_indire,0.4314421111815854,0.3855436118025528
,,,,,,,,,,,,,,0.8888,0.892,0.892,0.8936000000000001,0.8976000000000001,0.892,0.8944,0.896,0.8968,0.896,0.8976000000000001,,var25,Porcentaje de partos con personal de salud calificada,Porcentaje de partos con personal de salud calificada,ENDES INEI,Porcentaje,+,10,,2009,2019,99.7,99.0,0.9,0.1,,0.9,2030,instrumental,instrumental,1,3,,3.1,Lima Metropolitana,parto_pers,0.4314421111815854,0.3855436118025528
,,,,,,,,,,,,,,,,,,,0.8816,0.8856,0.888,0.8904,0.8816,0.86,,var26,Porcentaje de partos institucionales ,Porcentaje de partos institucionales ,ENDES INEI,Porcentaje,+,5,,2014,2019,98.8,95.0,0.9,0.1,,0.9,2030,instrumental,instrumental,1,3,,3.1,Lima Metropolitana,parto_inst,0.4314421111815854,0.3855436118025528
,,,,,,,,,,,,,,0.8912,0.8928,0.8936000000000001,0.8928,0.8912,0.892,0.892,,0.892,0.892,,0.8936000000000001,var27,Mortalidad neonatal por cada 1000 nacidos vivos,Mortalidad neonatal por cada 1000 nacidos vivos,ENDES INEI,Porcentaje,-,11,2.0,2009,2020,11.0,8.0,0.9,0.1,,0.9,2030,instrumental,instrumental,1,3,,3.2,Urbano Perú,mort_neon,0.4314421111815854,0.3855436118025528
,,,,,0.4910333515582286,0.4289229086932751,0.46041552761071625,0.31694915254237294,0.2629305631492619,0.26358665937670867,0.2922361946418808,0.3197922361946419,0.19272826681246588,0.28698742482230727,0.35893931109896116,0.41273920174959,0.4123018042646255,0.34472389283761623,0.289611809732094,0.12536905412793875,0.20366320393657739,0.38212137780207767,0.22881355932203393,0.1,,var28,"Casos de infección por VIH notificados, según sexo, año de diagnóstico y departamento Total","Casos de infección por VIH notificados, según sexo, año de diagnóstico y departamento Total",Drección General de Epidemiología - MINSA,Número,-,19,,2000,2019,3658.0,1870.0,0.9,0.1,0.6920174958993985,,2030,instrumental,colateral,0,3,,3.3,Provincia de Lima,VIH_total,0.4314421111815854,0.3855436118025528
,,,,,,,,0.17210300429184555,0.1,0.1472103004291846,0.16437768240343348,0.2347639484978541,0.11373390557939916,0.21072961373390556,0.3137339055793992,0.39356223175965666,0.4424892703862662,0.47510729613733904,0.4098712446351932,0.2811158798283262,0.38669527896995715,0.47424892703862664,0.371244635193133,0.38755364806866954,,var29,"Casos de infección por VIH notificados, según sexo, año de diagnóstico y departamento mujer","Casos de infección por VIH notificados, según sexo, año de diagnóstico y departamento mujer",Drección General de Epidemiología - MINSA,Número,-,16,,2003,2019,932.0,495.0,0.9,0.1,0.7669527896995708,,2030,instrumental,colateral,0,3,5.0,3.3,Provincia de Lima,VIH_muje,0.4314421111815854,0.3855436118025528
,,,,,,,,0.1,0.1,0.2700483091787439,0.32801932367149766,0.3318840579710145,0.3048309178743962,0.3473429951690822,0.36280193236714975,0.30096618357487925,0.36280193236714975,0.3821256038647344,0.40531400966183584,0.42463768115942035,0.4285024154589373,0.4400966183574879,0.43236714975845414,0.4478260869565218,,var32,Incidencia de la tuberculosis por cada 100 mil habitantes,Incidencia de la tuberculosis por cada 100 mil habitantes,ODS - INEI,Tasa,-,16,,2003,2019,207.0,117.0,0.9,0.1,0.6905146056991707,,2030,instrumental,instrumental,1,3,,3.3,Lima,inci_tuber,0.4314421111815854,0.3855436118025528
,,,,,,,,,,,,,,,,,,,,0.9,0.9,0.9,0.1,0.3666666666666667,0.6333333333333334,var33,Casos notificados de malaria,Casos notificados de malaria,Drección General de Epidemiología - MINSA,Número,-,5,,2015,2020,3.0,0.0,0.9,0.1,,0.9,2030,instrumental,colateral,0,3,,3.3,Provincia de Lima,caso_mala,0.4314421111815854,0.3855436118025528
,,,,,,,,0.86,0.86,0.868,0.868,0.868,0.86,0.868,0.852,0.868,0.86,0.852,0.852,0.844,0.844,0.844,0.844,0.852,,var34,Incidencia de la hepatitis B por cada 100 mil habitantes,Incidencia de la hepatitis B por cada 100 mil habitantes,ODS - INEI,Tasa,-,16,,2003,2019,7.0,4.0,0.9,0.1,,0.9,2030,instrumental,colateral,0,3,,3.3,Lima,inci_hepat,0.4314421111815854,0.3855436118025528
,,,,,,,,,,,,,,,,,,,0.8456,0.8583999999999999,0.856,0.8728,0.864,0.8664,,var37,Personas de 15 y más años de edad con trastorno por consumo de alcohol en los últimos 12 meses,Personas de 15 y más años de edad con trastorno por consumo de alcohol en los últimos 12 meses,ENDES INEI,Porcentaje,-,5,,2014,2019,6.8,3.4,0.9,0.1,,0.8832,2030,instrumental,colateral,0,3,,3.5,Lima Metropolitana,trans_alcoh,0.4314421111815854,0.3855436118025528
,,,,,,,,,,,,,,,,0.8234285714285714,0.8542857142857143,0.8611428571428571,0.8577142857142858,0.8028571428571428,0.852,0.8565714285714287,,,,var38,Tasa de fallecidos por accidentes de tránsito,Tasa de fallecidos por accidentes de tránsito,ODS - INEI (Censo Nacional de Comisaria),Porcentaje,-,6,,2011,2017,8.5,3.4,0.9,0.1,0.8782857142857143,,2030,instrumental,instrumental,1,3,11.0,3.6,Provincia de Lima,acci_vial,0.4314421111815854,0.3855436118025528
,,,,,,,,,,,,,,,,0.5088,0.5144000000000001,0.5104000000000001,0.5176000000000001,0.5264,0.5344,0.5792,0.568,0.5808,,var39,Mujeres de 15 a 49 años de edad que practican la planificación familiar con métodos modernos,Mujeres de 15 a 49 años de edad que practican la planificación familiar con métodos modernos,ENDES INEI,Porcentaje,+,8,,2011,2019,60.1,51.1,0.9,0.1,0.7056,,2030,instrumental,instrumental,1,3,5.0,3.7,Lima Metropolitana,plani_fami,0.4314421111815854,0.3855436118025528
,,,,,,,,,,,,0.4608,0.48960000000000004,0.5192,0.5296000000000001,0.548,0.5688,0.5984,0.6336,0.6584,0.6816,0.6896,0.6824,0.6952,0.68392,var40,Proporción de la población con seguro de salud,Proporción de la población con seguro de salud -todo tipo,ODS - INEI,Porcentaje,+,12,,2007,2019,74.4,45.1,0.9,0.1,0.9,,2030,instrumental,instrumental,1,3,,3.8,Provincia de Lima,pobl_segur,0.4314421111815854,0.3855436118025528
,,,,,,,,,,,,0.1664,0.172,0.17120000000000002,0.172,0.17120000000000002,0.17120000000000002,0.1632,0.1608,0.16,0.1632,0.1648,0.1664,0.1648,0.14544,var41,Proporción asignado en salud del gasto real promedio per cápita mensual,Proporción asignado en salud del gasto real promedio per cápita mensual,ENAHO - INEI,Porcentaje,+,13,,2007,2020,9.0,5.68,0.9,0.1,,0.16160000000000002,2030,instrumental,colateral,0,3,,3.8,Lima Metropolitana,segur_gasto,0.4314421111815854,0.3855436118025528
,,,,,,,,,,,,,,,,,,,0.8776,0.8776,0.8792,0.8808,0.8808,,,var42,Proporción de personas de 15 y más años de edad que fuman diariamente,Proporción de personas de 15 y más años de edad que fuman diariamente,ENDES INEI,Porcentaje,-,4,,2014,2018,2.8,2.4,0.9,0.1,,0.8912,2030,colateral,colateral,0,3,,3.a,ENDES,perso_fuma,0.4314421111815854,0.3855436118025528
,,,,,,,,,,,,,,,0.7598001376935977,0.7635013736062216,0.7676154157173086,0.7708979033540763,0.7747008672882961,0.7771921523300424,0.7793656113199697,0.7815538303405222,0.7839689853125439,0.7860745822274318,,var43,Número de habitantes por cada médico,Número de habitantes por cada médico,ENAHO - INEI,Razón,-,10,,2009,2019,270.05998476770753,219.44883598440956,0.9,0.1,,0.8148604802076574,2030,instrumental,instrumental,1,3,,3.c,Lima,habit_medi,0.4314421111815854,0.3855436118025528
,,,,,,,,,,,,,,,0.5592180873474987,0.5711182758832889,0.5816784087853734,0.5906603714043618,0.6005259167038113,0.6089245308417619,0.6151159277446304,0.6204678140555133,0.6226841773227687,0.6261231535383175,,var44,Número de habitantes por cada enfermera,Número de habitantes por cada enfermera,ENAHO - INEI,Razón,-,10,,2009,2019,368.0444656647015,295.7869941786171,0.9,0.1,,0.6990740740740741,2030,instrumental,instrumental,1,3,,3.c,Lima,habit_enfer,0.4314421111815854,0.3855436118025528
,,,,,,,,,,,,0.3128,0.325824160710224,0.38073086970372816,0.43650503937640805,0.46238445533639316,0.48926794708175037,0.4709379548397432,0.5460903229535489,0.5897717061038416,0.5448000000000001,,,0.45920000000000005,,var45,Alumnos que logran los aprendizajes del grado (% de alumnos de 2º grado primaria participantes en evaluación censal) en comprensión de texto,Alumnos que logran los aprendizajes del grado (% de alumnos de 2º grado primaria participantes en evaluación censal) en comprensión de texto,Escale - MINEDU,Porcentaje,+,10,2.0,2009,2019,61.221463262980194,26.6,0.9,0.1,0.6388,,2030,instrumental,instrumental,1,4,,4.1,Lima Metropolitana,apre2p_compr,0.4314421111815854,0.3855436118025528
,,,,,,,,,,,,0.16409989260165414,0.18449720730741043,0.24373840691832996,0.24180156701307495,0.24795488055269774,0.2546155786981854,0.2861260050852005,0.3504375682940408,0.33176456700375156,0.376,,,0.244,,var46,Alumnos que logran los aprendizajes del grado (% de alumnos de 2º grado primaria participantes en evaluación censal) en matemáticas,Alumnos que logran los aprendizajes del grado (% de alumnos de 2º grado primaria participantes en evaluación censal) en matemáticas,Escale - MINEDU,Porcentaje,+,10,2.0,2009,2019,34.5,8.012486575206767,0.9,0.1,0.376,,2030,instrumental,instrumental,1,4,,4.1,Lima Metropolitana,apre2p_mate,0.4314421111815854,0.3855436118025528
,,,,,,,,,,,,,,,,,,,,0.28959999999999997,0.2752,,0.30000000000000004,0.28,,var47,Alumnos que logran los aprendizajes del grado (% de alumnos de 2º grado secundaria participantes en evaluación censal) en comprensión de texto,Alumnos que logran los aprendizajes del grado (% de alumnos de 2º grado secundaria participantes en evaluación censal) en comprensión de texto,Escale - MINEDU,Porcentaje,+,4,1.0,2015,2019,25.0,21.9,0.9,0.1,0.37,,2030,instrumental,instrumental,1,4,,4.1,Lima Metropolitana,apre2s_compr,0.4314421111815854,0.3855436118025528
,,,,,,,,,,,,,,,,,,,,0.21440000000000003,0.22160000000000002,,0.2616,0.2992,,var48,Alumnos que logran los aprendizajes del grado (% de alumnos de 2º grado secundaria participantes en evaluación censal) en matemáticas,Alumnos que logran los aprendizajes del grado (% de alumnos de 2º grado secundaria participantes en evaluación censal) en matemáticas,Escale - MINEDU,Porcentaje,+,4,1.0,2015,2019,24.9,14.3,0.9,0.1,0.39879999999999993,,2030,instrumental,instrumental,1,4,,4.1,Lima Metropolitana,apre2s_mate,0.4314421111815854,0.3855436118025528
,,,,,,,,,,,,,0.18814233406248537,0.18832190861044654,0.18817874324473366,0.18872113062237583,0.18071044076775827,0.18937140853254897,0.18990987645311436,0.19014201339680023,0.19052713057554943,0.19083193956359262,0.19090521369443347,0.19125201907383252,0.18776,var49,Promedio de años de estudio alcanzado por la población de 15 y más años de edad,Promedio de años de estudio alcanzado por la población de 15 y más años de edad,ENAHO - INEI,años,+,13,,2007,2020,11.406502384229062,10.088805095969782,0.9,0.1,,0.196,2030,instrumental,colateral,1,4,,4.1,Provincia de Lima,prom_estu,0.4314421111815854,0.3855436118025528
,,,,,,,,,,,,,,,,,0.7863092946977613,0.7619959313606726,0.8279448109648556,0.8085895952815401,0.8153441391766666,0.8429651805424023,0.8449537980749648,0.8608186536118245,,var54,"Tasa neta de matrícula, educación inicial (% de población con edades 3-5)","Tasa neta de matrícula, educación inicial (% de población con edades 3-5)",Escale - MINEDU,Porcentaje,+,7,,2012,2019,95.10233170147806,82.74949142008407,0.9,0.1,,0.9,2030,instrumental,colateral,1,4,,4.2,Lima Metropolitana,matr5_educ,0.4314421111815854,0.3855436118025528
,,,,,,,,0.7123678579279445,0.7804194953709181,0.7277776049205674,0.7696070697263842,0.7804129824106852,0.7949810210879854,0.7931396547144207,0.8100401534125898,0.8158901473145773,0.8408947101710265,0.8284315605474554,0.8494073494107436,0.8087788297944153,0.8310173860604624,0.8566803647249187,0.8480376389833248,0.8674496367860737,,var55,"Tasa total de asistencia, edades de 3 a 5 años (% del total)","Tasa total de asistencia, edades de 3 a 5 años (% del total)",Escale - MINEDU,Porcentaje,+,16,,2003,2019,95.93120459825921,76.54598224099307,0.9,0.1,,0.9,2030,instrumental,colateral,1,4,,4.2,Lima Metropolitana,asist5_educ,0.4314421111815854,0.3855436118025528
,,,,,,,,,,,,,0.6162731805431865,0.6096332915311123,0.6122020077182652,0.6201504879954927,0.5940077424983188,0.5978656634133633,0.594453632855334,0.5943760867062879,0.6080435954756669,0.6186480313577241,0.6316467045915802,0.6333333333333333,,var56,Docentes del sistema educativo del sector público,Docentes del sistema educativo del sector público,Escale - MINEDU,Número,+,11,,2008,2019,55021.0,50964.0,0.9,0.1,,0.7192641597450671,2030,instrumental,colateral,1,4,,4.2,Provincia de Lima,doce_publ,0.4314421111815854,0.3855436118025528
,,,,,,,,,,0.2592,0.29680000000000006,0.3128,0.30720000000000003,0.3064,0.2992,0.32080000000000003,0.33199999999999996,0.3416,0.36,0.35120000000000007,0.38160000000000005,0.35839999999999994,0.3728,0.35520000000000007,0.32288000000000006,var58,Tasa de asistencia a educación superior de la población de 17 a 24 años de edad,Tasa de asistencia a educación superior de la población de 17 a 24 años de edad,ODS - INEI,Porcentaje,+,14,,2005,2019,35.2,19.9,0.9,0.1,0.516,,2030,instrumental,colateral,1,4,,4.3,Provincia de Lima,asist24_educ,0.4314421111815854,0.3855436118025528
,,,,,,,,,,,,,,,,0.46202395851957756,0.42706174343793213,0.4588505068622928,0.6066969895202738,0.6184636995442168,0.6144541072417908,0.4923955563665755,0.5866441246979259,0.631574218082139,0.5948077195822673,var60,"Índice de paridad de género del porcentaje de docentes con título pedagógico, superior no universitaria (proporción de mujeres con respecto a hombres)","Índice de paridad de género del porcentaje de docentes con título pedagógico, superior no universitaria (proporción de mujeres con respecto a hombres)",Escale - MINEDU,Razón,+,9,,2011,2020,1.3289355452053475,0.8176543585948302,0.9,0.1,0.5,,2030,instrumental,colateral,0,4,5.0,4.5,Lima Metropolitana,parid_docen,0.4314421111815854,0.3855436118025528
,,,,,,,,0.8776827729546174,0.872701442706803,0.8750642418847366,0.8724543650303017,0.8745912682686255,0.8736210963024509,0.8760750427361333,0.8764924140570497,0.8770974712029825,0.883904809696627,0.8833746014737447,0.8814035208563721,0.8835851042660142,0.8835144184199679,0.884353762036851,0.8649850800917255,0.883259930735036,,var61,Tasa de analfabetismo (% del grupo de edades 15 a más),Tasa de analfabetismo (% del grupo de edades 15 a más),Escale - MINEDU,Porcentaje,-,16,,2003,2019,4.376864988534322,1.9557797453936279,0.9,0.1,,0.9,2030,instrumental,instrumental,1,4,,4.6,Lima Metropolitana,tasa_analfa,0.4314421111815854,0.3855436118025528
,,,,,,,,0.8660424469413233,0.865844858689116,0.8688973868706182,0.8727990285367334,0.8416813639035862,0.8845968712394705,0.8825109306683322,0.8863107460643395,0.8847196549599508,0.8690660321237359,0.8896000000000001,0.889289871944121,0.8547333599999999,0.8354356000000001,0.8455301455301456,0.8458897094726561,0.859493670886076,,var62,Porcentaje de locales escolares públicos que cuentan con alumbrado eléctrico por red pública,Porcentaje de locales escolares públicos que cuentan con alumbrado eléctrico por red pública,Escale - MINEDU,Porcentaje,+,16,,2003,2019,98.7,91.92945,0.9,0.1,,0.9,2030,instrumental,instrumental,1,4,11.0,4.a,Lima Metropolitana,escue_luz,0.4314421111815854,0.3855436118025528
,,,,,,,,0.8142679127725857,0.8106842737094838,0.8051625239005736,0.8028536733454766,0.7626690182245738,0.8080625752105898,0.8255465334166148,0.8304585900068446,0.8393715341959335,0.8495538370017846,0.8496,0.8403958090803261,0.8220892000000001,0.80892576,0.8118503118503119,0.8034338989257817,0.7945147679324894,,var63,Porcentaje de locales escolares públicos en que se obtiene agua directamente de la red pública dentro del local,Porcentaje de locales escolares públicos en que se obtiene agua directamente de la red pública dentro del local,Escale - MINEDU,Porcentaje,+,16,,2003,2019,93.7,82.83362727807172,0.9,0.1,,0.9,2030,instrumental,instrumental,1,4,11.0,4.a,Lima Metropolitana,escue_agua,0.4314421111815854,0.3855436118025528
,,,,,,,,0.7907049282595134,0.7750295857988166,0.7903760356915233,0.7843958712811172,0.8308641975308643,0.8518652226233454,0.8515,0.8468856947296373,0.8650030807147258,0.8267102914931588,0.8664,0.8669383003492434,0.8560392,0.8474077600000001,0.8584199584199584,0.857127990722656,0.878902953586498,,var64,Porcentaje de locales escolares públicos en que el baño o servicio higiénico está conectado a la red pública de desague dentro del local o a un pozo séptico,Porcentaje de locales escolares públicos en que el baño o servicio higiénico está conectado a la red pública de desague dentro del local o a un pozo séptico,Escale - MINEDU,Porcentaje,+,16,,2003,2019,97.36286919831224,84.37869822485207,0.9,0.1,,0.9,2030,instrumental,instrumental,1,4,11.0,4.a,Lima Metropolitana,escue_baño,0.4314421111815854,0.3855436118025528
,,,,,,,,0.1728458820331612,0.12011428571428573,0.24741348555119516,0.4163797343826857,0.21149542217700917,0.4665256229431124,0.4502016129032258,0.5866047020229633,0.5084581497797357,0.6924763443341796,0.6499451634130292,0.6947425592005214,0.7035660800000001,0.74652568,0.7524105421041355,0.8061414794921872,0.7813486982501068,,var66,"Porcentaje de escuelas que cuentan con acceso a Internet, primaria (% del total)","Porcentaje de escuelas que cuentan con acceso a Internet, primaria (% del total)",Escale - MINEDU,Porcentaje,+,16,,2003,2019,88.2676849365234,2.5142857142857142,0.9,0.1,,0.9,2030,instrumental,colateral,1,4,,4.a,Lima Metropolitana,prima_inter,0.4314421111815854,0.3855436118025528
,,,,,,,,0.27629179331306997,0.17551622418879056,0.36158357771260996,0.5628420123565755,0.366,0.6093931837073983,0.5625921109666233,0.7143707093821511,0.6188361408882083,0.7666146036704413,0.7481927710843373,0.7711764705882355,0.77913672,0.8094932,0.8083304042179262,0.8506412353515624,0.8199723087573556,,var67,"Porcentaje de escuelas que cuentan con acceso a Internet, secundaria (% del total)","Porcentaje de escuelas que cuentan con acceso a Internet, secundaria (% del total)",Escale - MINEDU,Porcentaje,+,16,,2003,2019,93.8301544189453,9.43952802359882,0.9,0.1,,0.9,2030,instrumental,colateral,1,4,,4.a,Lima Metropolitana,secun_inter,0.4314421111815854,0.3855436118025528
,,,,,,,,0.5147497267759568,0.5697311598870332,0.44400000000000006,0.738607048198685,0.7566399105020277,0.7378093829247682,0.7464634639636433,0.804,0.812,0.8190261404149716,0.8356378679395386,0.8190582320495923,0.812,0.812,0.8200000000000001,0.8200000000000001,0.8296386562710563,0.8267344348566343,var68,"Relación alumnos-computadoras, primaria (número de alumnos)","Relación alumnos-computadoras, primaria (número de alumnos)",Escale - MINEDU,Porcentaje,-,17,,2003,2020,57.0,8.045266507557667,0.9,0.1,,0.844,2030,instrumental,colateral,1,4,,4.a,Lima Metropolitana,prima_compu,0.4314421111815854,0.3855436118025528
,,,,,,,,0.6888810869096398,0.7205378272819322,0.604,0.764489183416397,0.7684097520788818,0.7512376794945439,0.7591284083956259,0.78,0.8280000000000001,0.8412630198084748,0.837032124780498,0.8432040168780128,0.8360000000000001,0.8360000000000001,0.844,0.844,0.852,0.8523672865924831,var69,"Ratio alumnos por computadora, secundaria (número de alumnos)","Ratio alumnos por computadora, secundaria (número de alumnos)",Escale - MINEDU,Porcentaje,-,17,,2003,2020,37.0,5.954089175939615,0.9,0.1,,0.884,2030,instrumental,colateral,1,4,,4.a,Lima Metropolitana,secun_compu,0.4314421111815854,0.3855436118025528
,,,,,,,,,,,,,,,,0.6382422802850356,0.6480604865220249,0.5392062537582681,0.5315911730545877,0.48534031413612566,0.4779527559055118,0.4247648902821317,0.5224956063268893,0.4057251908396947,0.372636815920398,var70,"Porcentaje de docentes nombrados en instituciones públicas, superior no universitaria (% del total)","Porcentaje de docentes nombrados en instituciones públicas, superior no universitaria (% del total)",Escale - MINEDU,Porcentaje,+,9,,2011,2020,68.50756081525311,34.079601990049746,0.9,0.1,,0.9,2030,instrumental,colateral,1,4,,4.c,Lima Metropolitana,doce_supe,0.4314421111815854,0.3855436118025528
,,,,,,,,,,,,,,,,,,,,,0.12946831395781927,0.11447505387725121,0.11025478255743835,0.1,0.1865959353180009,var71,"Número de alumnos por docente, inicial (número de alumnos)","Número de alumnos por docente, inicial (número de alumnos)",Escale - MINEDU,Razón,-,4,,2016,2020,15.43787,13.766799010040367,0.9,0.1,,0.24187812178752646,2030,instrumental,colateral,1,4,,4.c,Lima Metropolitana,doce_incia,0.4314421111815854,0.3855436118025528
,,,,,,,,,,,,,,,,,,,,,0.12108296013278644,0.11778298742377542,0.10446677433931201,0.1,0.11563369379397469,var72,"Número de alumnos por docente, secundaria (número de alumnos)","Número de alumnos por docente, secundaria (número de alumnos)",Escale - MINEDU,Razón,-,4,,2016,2020,13.41102,13.05759,0.9,0.1,,0.12093919776422678,2030,instrumental,colateral,1,4,,4.c,Lima Metropolitana,doce_secu,0.4314421111815854,0.3855436118025528
,,,,,,,,,,,,,,,,,,,,,0.16105667461635154,0.17165429479444194,0.1461838564956815,0.1314094992088024,0.1,var73,"Número de alumnos por docente, primaria (número de alumnos) ","Número de alumnos por docente, primaria (número de alumnos) ",Escale - MINEDU,Razón,-,4,,2016,2020,16.81887036945285,15.31244,0.9,0.1,,0.3672650538841459,2030,instrumental,colateral,1,4,,4.c,Lima Metropolitana,doce_prim,0.4314421111815854,0.3855436118025528
,,,,,,,,,,,,,,,,,,,,0.17058823529411765,0.1,0.19411764705882356,0.1470588235294118,0.21764705882352944,,var74,Víctimas de feminicidio (casos determinados),Víctimas de feminicidio (casos determinados),"Ministerio Público, Ministerio de la Mujer y Poblaciones Vulnerables (MIMP), Policía Nacional del Perú (PNP) e Instituto Nacional de Estadística e Informática. Tomado INEI",Número,-,4,,2015,2019,34.0,29.0,0.9,0.1,,0.9,2030,instrumental,instrumental,1,5,16.0,5.2,Provincia de Lima,victi_femi,0.4314421111815854,0.3855436118025528
,,,,,,,,,,,,,,,,0.804,0.8072,0.8096,0.808,0.8200000000000001,0.8272,0.8295155756942384,0.8255851758898157,0.8283533888561921,,var75,Mujeres de 15 a 49 años de edad que han sufrido violencia física infligida por el esposo o conviviente en los últimos 12 meses anteriores a la encuesta,Mujeres de 15 a 49 años de edad que han sufrido violencia física infligida por el esposo o conviviente en los últimos 12 meses anteriores a la encuesta,ENDES - INEI,Porcentaje,-,8,,2011,2019,12.0,8.810553038220199,0.9,0.1,0.9,,2030,instrumental,instrumental,1,5,16.0,5.2,Lima Metropolitana,muje_viole,0.4314421111815854,0.3855436118025528
,,,,,,,,,,,,,,0.8137254901960784,0.7509803921568627,0.7901960784313726,0.6568627450980392,0.5862745098039216,0.6254901960784314,0.6882352941176471,0.7509803921568627,0.7666666666666667,0.7509803921568627,0.1,,var76,"Casos intervenidos  por el delito de trata de personas, según distrito fiscal","Casos intervenidos  por el delito de trata de personas, según distrito fiscal",Ministerio Público - Sistema de Información de Apoyo al Trabajo Fiscal (SIATF) y el Sistema de Gestión Fiscal (SGF).,Número,-,10,,2009,2019,102.0,11.0,0.9,0.1,,0.9,2030,instrumental,instrumental,1,5,16.0,5.2,Provincia de Lima,trata_pers,0.4314421111815854,0.3855436118025528
,,,,,,,,,,,,,,,,,,,0.8088000000000001,0.8368000000000001,0.8507198773435855,0.8232,0.8272,0.8272,,var77,Adolescentes (15-19 años) que ya son madres o que están embarazadas por primera vez.,Madres adolescentes o embarazadas por primera vez,ENDES INEI,Porcentaje,-,5,,2014,2019,11.4,6.160015332051823,0.9,0.1,,0.87536,2030,instrumental,colateral,1,5,,5.3,Provincia de Lima,adole_emba,0.4314421111815854,0.3855436118025528
,,,,,,,,,,,,,,0.6844522619814677,0.6916466540703888,0.685767058473323,0.6829286353563617,0.6785926767587614,0.6922828279783908,0.6800853756389716,0.6839380124795154,0.6857888689092719,0.6947288691012963,0.6880544657067336,,var79,Mujeres y hombres sin ingresos propios mujeres,Mujeres y hombres sin ingresos propios mujeres,ENAHO - INEI,Porcentaje,-,10,,2009,2019,27.67591540515482,25.65889136233796,0.9,0.1,,0.6928,2030,instrumental,colateral,0,5,,5.4,Provincia de Lima,muje_sinin,0.4314421111815854,0.3855436118025528
,,,,,,,,,,,,0.3256,0.168,0.372,0.39039999999999997,0.4232,0.36719999999999997,0.396,0.29600000000000004,0.45520000000000005,0.38480000000000003,0.40800000000000003,0.4144,0.396,,var81,Proporción de mujeres en cargos directivos,Proporción de mujeres en cargos directivos,ODS - INEI,Porcentaje,+,12,,2007,2019,44.4,8.5,0.9,0.1,0.45520000000000005,,2030,instrumental,instrumental,0,5,,5.5,Lima Metropolitana,muje_direc,0.4314421111815854,0.3855436118025528
,,,,,,,,,,,,,,,,0.3666666666666667,0.3666666666666667,0.3666666666666667,0.3666666666666667,0.3666666666666667,0.3666666666666667,0.3666666666666667,0.3666666666666667,0.3666666666666667,0.38888888888888895,var83,Mujeres en el parlamento,Mujeres en el parlamento,Jurado Nacional de Elecciones,Número,+,9,,2011,2020,13.0,12.0,0.9,0.1,,0.4555555555555556,2030,instrumental,colateral,0,5,,5.5,Provincia de Lima,muje_parl,0.4314421111815854,0.3855436118025528
,,,,,,,,,,,,,,,,0.1930232558139535,0.1930232558139535,0.1930232558139535,0.1930232558139535,0.1186046511627907,0.1186046511627907,0.1186046511627907,0.1186046511627907,0.1186046511627907,0.1186046511627907,var85,Mujeres alcaldesas,Mujeres alcaldesas,Jurado Nacional de Elecciones,Número,+,9,,2011,2020,5.0,1.0,0.9,0.1,,0.28604651162790695,2030,instrumental,instrumental,0,5,,5.5,Provincia de Lima,muje_alcal,0.4314421111815854,0.3855436118025528
,,,,,,,,,,,,0.3243902439024391,0.3243902439024391,0.3243902439024391,0.3243902439024391,0.3227642276422764,0.3227642276422764,0.3227642276422764,0.3227642276422764,0.36991869918699194,0.36991869918699194,0.36991869918699194,0.36991869918699194,0.3975609756097561,0.3975609756097561,var87,Regidoras elegidas por distritos,Regidoras elegidas por distritos,Jurado Nacional de Elecciones,Número,+,13,,2007,2020,183.0,137.0,0.9,0.1,,0.4300813008130081,2030,instrumental,instrumental,0,5,,5.5,Provincia de Lima,muje_regi,0.4314421111815854,0.3855436118025528
,,,,,,,,,,,,,,0.34308819952063985,0.33528509512859417,0.3922524632836798,0.37137147374380564,0.3946044751465422,0.42396134463477486,0.42806810501022574,0.43546670422304634,0.39712830947383626,0.4088894310981811,0.4071890405229197,0.41536000000000006,var92,Tasa de informalidad de mujeres,Tasa de informalidad de mujeres,ENAHO - INEI,Porcentaje,-,11,,2009,2020,70.58936310892572,58.066661972119206,0.9,0.1,,0.45919999999999994,2030,instrumental,instrumental,0,5,,5.a,Provincia de Lima,info_muje,0.4314421111815854,0.3855436118025528
,,,,,,,,,,,,,,0.3795805739999546,0.3692907460035916,0.38137661521283783,0.40887184750969485,0.41804811002606035,0.43449516562594115,0.45344787543235365,0.4839306974144141,0.48225996821775463,0.4871997702417664,0.4933162040364478,0.3634848668010343,var95,Ingreso promedio real mensual proveniente del trabajo de mujeres,Ingreso promedio real mensual proveniente del trabajo de mujeres,ENAHO - INEI,soles,+,11,,2009,2020,1342.106,899.0848,0.9,0.1,,0.7070863124609409,2030,instrumental,instrumental,0,5,,5.a,Provincia de Lima,ingre_muje,0.4314421111815854,0.3855436118025528
,,,,,,,,,,,,,,0.4899562965431966,0.5046679420479268,0.5487534893701771,0.554533863441269,0.5980833992237747,0.6387590106441652,0.6744685503317199,0.6970413578595527,0.6917752831679114,0.685211875422037,0.7025724322709269,0.6624,var98,Proporción de mujeres ocupadas con seguro de salud,Proporción de mujeres ocupadas con seguro de salud,ENAHO - INEI,Porcentaje,+,11,,2009,2020,75.32155403386585,48.74453706789958,0.9,0.1,,0.9,2030,instrumental,instrumental,1,5,,5.a,Provincia de Lima,muje_segur,0.4314421111815854,0.3855436118025528
,,,,,,,,,,,,,,0.5035940856119662,0.5060212176935059,0.5293432546030432,0.559776742861119,0.5695678506251105,0.583905920543919,0.5752366617700421,0.6140605048472162,0.6560764355557358,0.6823419346200027,0.7090113592463633,0.7200000000000001,var100,Proporción de mujeres y hombres que usan Internet,Proporción de mujeres y hombres que usan Internet,ENAHO - INEI,Porcentaje,+,11,,2009,2020,77.5,50.44926070149577,0.9,0.1,,0.86,2030,instrumental,colateral,1,5,9.0,5.b,Provincia de Lima,pobl_inter,0.4314421111815854,0.3855436118025528
,,,,,,,,,,,,,,0.46078786272180206,0.4618745070108071,0.49541459908007235,0.5260946424121129,0.5399124129440626,0.5579438912130954,0.5579471422873467,0.5908042867482326,0.6310499871276518,0.6587345924884194,0.6894858266672531,0.696,var101,Proporción de mujeres que usan Internet,Proporción de mujeres que usan Internet,ENAHO - INEI,Porcentaje,+,11,,2009,2020,74.5,45.09848284022526,0.9,0.1,,0.86,2030,instrumental,colateral,1,5,,5.b,Provincia de Lima,muje_inter,0.4314421111815854,0.3855436118025528
,,,,,,,,,,,,,,,,,,0.8568,0.86,0.864,0.8744,0.8632000000000001,0.8728,0.8744,0.89056,var106,Proporción de población con acceso al servicio de agua,Proporción de población con acceso al servicio de agua,ENAHO - INEI,Porcentaje,+,7,,2013,2020,98.82,94.6,0.9,0.1,,0.9,2030,instrumental,colateral,1,6,11.0,6.1,Provincia de Lima,acces_agua,0.4314421111815854,0.3855436118025528
,,,,,,,,,,,,,,,,,,0.8328,0.8368,0.8552000000000001,0.864,0.8568,0.8664,0.8704,0.85136,var107,Proporción de población con acceso al servicio de saneamiento,Proporción de población con acceso al servicio de saneamiento,ENAHO - INEI,Porcentaje,+,7,,2013,2020,96.3,91.6,0.9,0.1,,0.9,2030,instrumental,colateral,1,6,11.0,6.2,Provincia de Lima,acces_sanea,0.4314421111815854,0.3855436118025528
,,,,,,,,,,,,,,,0.144064,0.14496,0.147216,0.25902400000000003,0.307632,0.323008,0.413088,0.415856,0.433488,0.44384,,var108,Generación de agua residual en Lima Metropolitana tratadas (litros/segundo),Generación de agua residual en Lima Metropolitana tratadas (litros/segundo),Servicio de Agua Potable y Alcantarillado de Lima (SEDAPAL) - Gerencia de Gestión de Aguas Residuales,Razón,+,9,,2010,2019,21490.0,2754.0,0.9,0.1,0.5702303549836785,,2030,instrumental,instrumental,1,6,11.0,6.3,Lima Metropolitana,agua_trata,0.4314421111815854,0.3855436118025528
,,,,,,,,,,,,,,0.26256,0.26016,0.2632,0.26456,0.47119999999999995,0.67616,0.6883999999999999,0.7203200000000001,0.8173600000000001,0.81624,,,var109,Proporción de aguas residuales tratadas por las EPS,Proporción de aguas residuales tratadas por las EPS,SINIA - MINAM,Porcentaje,+,9,,2009,2018,89.67,20.02,0.9,0.1,0.9,,2030,instrumental,colateral,1,6,11.0,6.3,Lima,agua_resid,0.4314421111815854,0.3855436118025528
,,,,,,,,,,,,0.8912000000000001,0.8952000000000001,0.896,0.8952000000000001,0.8968,0.8992000000000001,0.8976000000000001,0.8976000000000001,0.8984,0.8976000000000001,0.8976000000000001,0.8976000000000001,0.8976000000000001,0.89832,var110,Proporción de la población que tiene acceso a la electricidad,Proporción de la población que tiene acceso a la electricidad,ODS - INEI,Porcentaje,+,12,,2007,2019,99.9,98.9,0.9,0.1,0.9,,2030,instrumental,instrumental,1,7,11.0,7.1,Provincia de Lima,acces_elect,0.4314421111815854,0.3855436118025528
,,,,,,,,,,,,0.8248,0.8503999999999999,0.8392000000000001,0.8576,0.8648,0.8744,0.8816,0.888,0.8824,0.8896000000000001,0.8912000000000001,0.8944,0.896,0.8939199999999999,var111,Proporción de la población cuya fuente primaria de energía para cocinar consiste en combustible y tecnologías limpios,Proporción de la población cuya fuente primaria de energía para cocinar consiste en combustible y tecnologías limpios,ODS - INEI,Porcentaje,+,12,,2007,2019,99.5,90.6,0.9,0.1,0.9,,2030,instrumental,colateral,1,7,11.0,7.1,Provincia de Lima,ener_limp,0.4314421111815854,0.3855436118025528
,,,,,,,,,,,,0.1113525119081668,0.11243166098415192,0.1115589540098293,0.11224356429235488,0.11350050258758373,0.11383331201330602,0.11482503620281989,0.11539719499579026,0.11591916421139618,0.11607263854584428,0.11621090699417706,0.11710216045122422,0.11721142762357055,,var112,PBI a Valores a Precios Constantes de 2007 (miles de soles Valores a Precios Constantes de 2007),PBI a Valores a Precios Constantes de 2007 (miles de soles Valores a Precios Constantes de 2007),INEI,Soles,+,12,,2007,2019,17290789.0,11404858.0,0.9,0.1,,0.5,2030,instrumental,colateral,0,8,,8.1,Lima Metropolitana,pbi_ocup,0.4314421111815854,0.3855436118025528
,,,,,,,,,,,,,0.7520000000000001,0.43200000000000005,0.788,0.756,0.62,0.7320000000000001,0.6679999999999999,0.5439999999999999,0.504,0.4760000000000001,0.632,0.52,,var114,Tasa de crecimiento anual del PBI real por persona ocupada,Tasa de crecimiento anual del PBI real por persona ocupada,ODS - INEI,Tasa,+,79,,1940,2019,7.2,-1.7,0.9,0.1,0.64,,2030,instrumental,colateral,0,8,,8.2,Lima,cre_pbioc,0.4314421111815854,0.3855436118025528
,,,,,,,,,,,,0.8328091887729341,0.8329680024874659,0.8329122035116991,0.8368024362320731,0.8386825695710226,0.8455894526502935,0.8523547017484593,0.8554327759633064,0.848086686060183,0.8459963864687791,0.8449119312737347,0.8467788070920815,0.8473551428758848,0.77264,var117,Tasa de ocupación ,Tasa de ocupación ,ENAHO - INEI,Porcentaje,+,12,,2007,2019,94.42909699541329,84.08,0.9,0.1,,0.86,2030,instrumental,instrumental,0,8,,8.2,Lima Metropolitana,tasa_ocup,0.4314421111815854,0.3855436118025528
,,,,,,,,,,,,,0.3687087779657633,0.39614156109445586,0.3904491013096819,0.4253181327121869,0.4204533942941491,0.4278066734988146,0.4595584332554209,0.4512177136673182,0.47043631507203,0.44644179734159095,0.44450324403031016,0.4305001931941135,0.43688000000000005,var118,Tasa de empleo informal,Tasa de empleo informal,ENAHO - INEI,Porcentaje,-,11,,2008,2019,66.41140275427959,53.695460615996254,0.9,0.1,0.5488,,2030,instrumental,instrumental,1,8,,8.2,Provincia de Lima,tasa_info,0.4314421111815854,0.3855436118025528
,,,,,,,,,,,,0.8328091887729341,0.8329680024874658,0.8329122035116991,0.8368024362320731,0.8386825695710226,0.8455894526502935,0.8523547017484593,0.8554327759633064,0.8480866860601829,0.845996386468779,0.8449119312737347,0.8467788070920816,0.8473551428758848,,var119,Tasa de PEA desocupada,Tasa de PEA desocupada,Encuesta permanente de trabajo,Porcentaje,-,12,,2007,2019,8.398851403383247,5.570903004586718,0.9,0.1,,0.86072,2030,instrumental,colateral,0,8,,8.2,Lima Metropolitana,pea_deso,0.4314421111815854,0.3855436118025528
,,,,,,,,,,,,0.36560000000000004,0.37039999999999995,0.39680000000000004,0.392,0.4272,0.4224,0.4304,0.4608000000000001,0.4536000000000001,0.472,0.44800000000000006,0.4464,0.43200000000000005,,var120,Proporción de empleo informal en el sector no agrícola,Proporción de empleo informal en el sector no agrícola,ODS - INEI,Porcentaje,-,12,,2007,2019,66.8,53.5,0.9,0.1,0.71216,,2030,instrumental,instrumental,1,8,,8.3,Provincia de Lima,info_noagr,0.4314421111815854,0.3855436118025528
,,,,,,,,,,,,0.8464,0.8464,0.8512000000000001,0.8543999999999999,0.8552,0.86,0.8623999999999999,0.8608,0.8592,0.8472,0.8464,0.8496,0.8488,0.77264,var121,Tasa de desempleo en el área urbana,Tasa de desempleo en el área urbana,ODS - INEI,Porcentaje,-,12,,2007,2019,15.92,4.7,0.9,0.1,0.8744,,2030,instrumental,instrumental,0,8,,8.5,Lima Metropolitana,dese_urba,0.4314421111815854,0.3855436118025528
,,,,,,,,,,,,,0.744,0.7504,0.7528,0.7544000000000001,0.776,0.7560000000000001,0.7575999999999999,0.7368,0.7615999999999999,0.744,0.7464000000000001,0.7544000000000001,0.7569600000000001,var122,"Proporción de jóvenes (entre 15 y 24 años) que no cursan estudios, no están empleados ni reciben capacitación","Proporción de jóvenes (entre 15 y 24 años) que no cursan estudios, no están empleados ni reciben capacitación",ODS - INEI,Porcentaje,-,11,,2008,2019,20.4,15.5,0.9,0.1,0.8280000000000001,,2030,instrumental,instrumental,1,8,,8.6,Provincia de Lima,ninis,0.4314421111815854,0.3855436118025528
,,,,,,,,,,,,,,,,,0.8176,0.8208000000000001,0.8448000000000001,0.8480000000000001,0.8536,0.8480000000000001,0.8352,0.8432000000000001,,var124,"Proporción de niños, niñas y adolescents de 5 a 17 años en actividad económica","Proporción de niños, niñas y adolescents de 5 a 17 años en actividad económica",ODS - INEI,Porcentaje,-,7,,2012,2019,10.3,5.8,0.9,0.1,0.872,,2030,instrumental,colateral,1,8,,8.7,Provincia de Lima,traba_infan,0.4314421111815854,0.3855436118025528
,,,,,,,,,,,,0.23702790848208732,0.2335157769883003,0.2277896552450247,0.23454629153644613,0.23363701285111513,0.23129338378823555,0.22571364233856928,0.2259742395338298,0.22045123958410917,0.21503643237763564,0.2116729240212116,0.21059392501608004,0.20640328279582099,0.2120188,var125,Proporción del empleo del sector manufacturero en relación al empleo total,Proporción del empleo del sector manufacturero en relación al empleo total,ENAHO - INEI,Porcentaje,+,13,,2007,2020,17.128488560260912,13.300410349477623,0.9,0.1,0.268,,2030,instrumental,colateral,0,9,,9.2,Lima Metropolitana,manu_empl,0.4314421111815854,0.3855436118025528
,,,,,,,,,,,,0.3608,0.36319999999999997,0.37360000000000004,0.36239999999999994,0.35120000000000007,0.3568,0.3528,0.3568,0.3608,0.36239999999999994,0.35760000000000003,0.35520000000000007,,,var126,Proporción correspondiente a las industrias a pequeña escala del valor añadido total,Proporción correspondiente a las industrias a pequeña escala del valor añadido total,Sistema de monitoreo y seguimiento de los indicadores de los ODS,Porcentaje,+,11,,2007,2018,34.2,31.4,0.9,0.1,0.4123042784355677,,2030,instrumental,colateral,0,9,,9.3,Nacional,peque_valor,0.4314421111815854,0.3855436118025528
,,,,,,,,,,,,0.27680000000000005,0.256,0.2432,0.244,0.2352,0.2208,0.224,0.2272,0.22160000000000002,0.22,0.21520000000000003,0.21520000000000003,,,var127,Proporción de las industrias a pequeña escala que han obtenido un préstamo o una línea de crédito,Proporción de las industrias a pequeña escala que han obtenido un préstamo o una línea de crédito,Superintendencia de Banca y Seguros y AFP - INEI,Porcentaje,+,11,,2007,2018,22.1,14.4,0.9,0.1,0.27680000000000005,,2030,instrumental,colateral,1,9,,9.3,Nacional,peque_cred,0.4314421111815854,0.3855436118025528
,,,,,,,,,,,,,,,,,0.10024000000000001,0.1004,0.10064000000000001,0.10064000000000001,0.10056000000000001,0.10056000000000001,0.10064000000000001,0.1008,,var128,Porcentaje del gastos en investigación y desarrollo como proporción del PBI,Porcentaje del gastos en investigación y desarrollo como proporción del PBI,Ministerio de Economía y Finanzas. INEi,Porcentaje,+,7,,2012,2019,0.1,0.03,0.9,0.1,0.10192000000000001,,2030,instrumental,colateral,1,9,,9.5,Nacional,iyd_pbi,0.4314421111815854,0.3855436118025528
,,,,,,,,,,,,,0.2016,0.20640000000000003,0.2008,0.20240000000000002,0.2048,0.2088,0.2168,0.21760000000000002,0.22240000000000001,0.216,0.21840000000000004,0.216,,var129,Porcentaje del valor agregado de actividades de tecnología mediana y alta en el valor,Porcentaje del valor agregado de actividades de tecnología mediana y alta en el valor,INEI,Porcentaje,+,11,,2008,2019,15.3,12.6,0.9,0.1,0.274,,2030,instrumental,colateral,1,9,,9.b,Nacional,agre_tecno,0.4314421111815854,0.3855436118025528
,,,,,,,,,,,,,0.21854545454545457,0.19381818181818183,0.21854545454545457,0.19381818181818183,0.20400000000000001,0.2018181818181818,0.17781818181818182,0.17927272727272728,0.1901818181818182,0.14654545454545456,0.18509090909090908,0.1698181818181818,,var130,Tasa de crecimiento del gasto real promedio per cápita mensual del 40% más pobre de la población,Tasa de crecimiento del gasto real promedio per cápita mensual del 40% más pobre de la población,ODS - INEI,Tasa,+,11,,2008,2019,6.3,-3.6,0.9,0.1,0.21854545454545457,,2030,instrumental,instrumental,0,10,,10.1,Provincia de Lima,cgast_pobr,0.4314421111815854,0.3855436118025528
,,,,,,,,,,,,,0.7544000000000001,0.7392,0.7416,0.7560000000000001,0.7535999999999999,0.76,0.76,0.7792,0.768,0.768,0.7664,0.7568,0.56688,var131,Proporción de personas que viven por debajo del 50% de la mediana de los ingresos,Proporción de personas que viven por debajo del 50% de la mediana de los ingresos,ODS - INEI,Porcentaje,-,11,,2008,2019,41.64,15.1,0.9,0.1,0.8284,,2030,instrumental,instrumental,0,10,,10.2,Provincia de Lima,pob_medi,0.4314421111815854,0.3855436118025528
,,,,,,,,,,,,,,,,,0.7304,0.7336,0.7288,0.7328,0.7024,0.7360000000000001,0.7984,0.7632,,var132,Proporción de población de 18 y más años de edad que señalan que en los últimos cinco años se han sentido maltratadas o han intentado discriminarlas,Proporción de población de 18 y más años de edad que señalan que en los últimos cinco años se han sentido maltratadas o han intentado discriminarlas,ODS - INEI,Porcentaje,-,7,,2012,2019,24.7,12.7,0.9,0.1,0.9,,2030,instrumental,instrumental,0,10,16.0,10.3,Provincia de Lima,pobl_malt,0.4314421111815854,0.3855436118025528
,,,,,,,,,,,,,,,0.6567999999999999,0.6464000000000001,0.6648,0.6576000000000001,0.6656000000000001,0.6728,0.6792,0.6656000000000001,0.6799999999999999,0.6848000000000001,,var136,"Proporción de la población urbana que vive en barrios marginales, asentamientos improvisados o viviendas inadecuadas","Proporción de la población urbana que vive en barrios marginales, asentamientos improvisados o viviendas inadecuadas",ENAHO - INEI,Porcentaje,-,9,,2010,2019,31.7,26.9,0.9,0.1,,0.9,2030,instrumental,instrumental,1,11,,11.1,Provincia de Lima,marg_urba,0.4314421111815854,0.3855436118025528
,,,,,,,,,,,,,,,,0.6059519521169896,0.5812574286363784,0.5578558492136253,0.5366795222119485,0.5176336637090705,0.499642076495907,0.48035914398983937,0.4640688710828028,0.44717266625817265,,var137,Parque automotor en circulación,Parque automotor en circulación,MTC - Compendio Estadístico 2020 INEI,Número,-,8,,2011,2019,1982650.0,1395576.0,0.9,0.1,,0.33484138503006433,2030,colateral,colateral,0,11,,11.2,Departamento de Lima,paq_auto,0.4314421111815854,0.3855436118025528
,,,,,,,,,,,,,,,,,,,0.19599999999999992,0.1,0.3400000000000001,0.4991300556661301,0.5837565554268395,0.7131203261027729,,var139,Tasa de crecimiento promedio anual de la población censada,Tasa de crecimiento promedio anual de la población censada,"Censos Nacionales de Población y Vivienda 1940, 1961, 1972, 1981, 1993, 2007 y 2017. INEI",Tasa,-,79,73.0,1940,2019,5.0,1.1679979618576697,0.9,0.1,,0.7928000000000001,2030,instrumental,colateral,0,11,,11.3,Departamento de Lima sin Callao,creci_pobl,0.4314421111815854,0.3855436118025528
,,,,,,,,,,,,,,,,,,0.8778023147384454,0.8228534236718789,0.7535473856860305,0.6927505558627759,0.6135485436364763,0.5160925055334199,0.4661505331083754,,var140,Densidad poblacional por años censal,Densidad poblacional por años censal,"Censos Nacionales de Población y Vivienda 1940, 1961, 1972, 1981, 1993, 2007 y 2017. INEI",Razón,-,79,72.0,1940,2019,3276.7554100064585,215.09528413281316,0.9,0.1,0.2947087002465658,,2030,instrumental,colateral,1,11,,11.3,Departamento de Lima sin Callao,dens_pobl,0.4314421111815854,0.3855436118025528
,,,,,,,,0.38248587570621473,0.6977401129943503,0.6774011299435028,0.6209039548022599,0.5406779661016949,0.6401129943502826,0.6898305084745763,0.6435028248587571,0.6762711864406781,0.1,0.8129943502824859,0.8096045197740114,0.8457627118644068,0.5192090395480226,0.6096045197740112,0.8638418079096045,0.8141242937853107,,var141,Viviendas destruidas por emergencia en LM,Viviendas destruidas por emergencia en LM,"Compendio Estadístico del INDECI 2020. En la preparación, Respuesta y Rehabilitación de la GRD. III Información Estadística de Emergencia y Daños Periodo 2003 - 2019",Número,-,16,,2003,2019,708.0,32.0,0.9,0.1,0.8570621468926554,,2030,instrumental,instrumental,1,11,,11.5,Lima Metropolitana,vivi_dest,0.4314421111815854,0.3855436118025528
,,,,,,,,0.832367149758454,0.8632850241545894,0.861352657004831,0.8765355417529331,0.8688060731538992,0.8127674258109041,0.8895100069013113,0.813871635610766,0.8632850241545894,0.6173222912353348,0.8381642512077295,0.8652173913043478,0.8431331953071084,0.8677018633540373,0.1,0.7564527260179433,0.8036576949620428,,var142,Viviendas afectadas por emergencia en LM,Viviendas afectadas por emergencia en LM,"Compendio Estadístico del INDECI 2020. En la preparación, Respuesta y Rehabilitación de la GRD. III Información Estadística de Emergencia y Daños Periodo 2003 - 2019",Número,-,16,,2003,2019,2898.0,38.0,0.9,0.1,0.8518288474810215,,2030,instrumental,instrumental,1,11,,11.5,Lima Metropolitana,vivi_afec,0.4314421111815854,0.3855436118025528
,,,,,,,,,,,,,,,0.6335202000000001,0.6496413999999999,0.6350366000000001,0.6240299,0.6171872,0.6075221,0.5835416000000001,0.5723252000000001,0.5545312,0.5386094,,var143,Residuos sólidos domiciliarios generados,Residuos sólidos domiciliarios generados,MML - Compendio Estadístico 2020 INEI,Número,-,9,,2010,2019,3613906.0,2503586.0,0.9,0.1,,0.48469400000000007,2030,instrumental,instrumental,1,11,,11.6,Provincia de Lima,resid_soli,0.4314421111815854,0.3855436118025528
,,,,,,,,,,,,,,,0.3058381,0.3191989,0.34670120000000004,0.3680753,0.38460530000000004,0.41210730000000007,0.4233409,0.434524,0.44890810000000003,0.4654132000000001,,var144,Residuos sólidos controlados en los rellenos sanitarios,Residuos sólidos controlados en los rellenos sanitarios,MML - Compendio Estadístico 2020 INEI,Número,+,9,,2010,2019,3654132.0,2058381.0,0.9,0.1,,0.6604494,2030,instrumental,instrumental,1,11,,11.6,Provincia de Lima,resid_contr,0.4314421111815854,0.3855436118025528
,,,,,,,,,,,,,,,,,,,0.45152000000000003,0.47343999999999997,0.54864,0.5875199999999999,0.64736,0.6657599999999999,,var145,Gasto municipal per cápita en gestión de residuos sólidos (soles/persona),Gasto municipal per cápita en gestión de residuos sólidos (soles/persona),SINIA - MINAM,Razón,+,5,,2014,2019,70.72,43.94,0.9,0.1,,0.60678710096,2030,instrumental,instrumental,1,11,,11.6,Lima,gasto_resid,0.4314421111815854,0.3855436118025528
,,,,,,,,,,,,,,0.1,0.212831389183457,0.37656415694591727,,0.5377518557794273,0.6234358430540826,0.6879109225874867,0.7125132555673382,0.6573700954400848,0.5861081654294804,,,var147,"Promedio de partículas inferiores a 2.5 micras y 10 micras en el aire del Cercado de Lima (PM 2,5)","Promedio de partículas inferiores a 2.5 micras y 10 micras en el aire del Cercado de Lima (PM 2,5)",ODS - INEI,micras,-,9,1.0,2009,2018,94.3,22.1,0.9,0.1,0.7430540827147402,,2030,instrumental,instrumental,1,11,,11.6,Cercado de Lima,pm_2.5,0.4314421111815854,0.3855436118025528
,,,,,,,,,,,,,,0.1,0.1479041916167665,0.24071856287425153,0.48562874251497,0.5191616766467065,0.6479041916167665,0.5994011976047905,0.6329341317365269,0.5730538922155688,0.5191616766467065,,,var148,Promedio de partículas inferiores a 2.5 micras y 10 micras en el aire del Cercado de Lima (PM 10),Promedio de partículas inferiores a 2.5 micras y 10 micras en el aire del Cercado de Lima (PM 10),ODS - INEI,micras,-,9,,2009,2018,133.6,42.1,0.9,0.1,0.7095808383233533,,2030,instrumental,instrumental,1,11,,11.6,Cercado de Lima,pm_10,0.4314421111815854,0.3855436118025528
,,,,,,,,,,,,,,,0.23208333333333336,0.22,0.21291666666666667,0.17708333333333334,0.21708333333333335,0.2,0.21291666666666667,0.22791666666666668,0.17708333333333334,0.1816666666666667,,var149,Porcentaje de la población que está satisfecha con la calidad del aire,Porcentaje de la población que está satisfecha con la calidad del aire,Lima Como Vamos,Porcentaje,+,9,,2010,2019,16.510416666666668,9.635416666666666,0.9,0.1,0.22249999999999961,,2030,colateral,instrumental,1,11,,11.6,Lima Metropolitana,calid_aire,0.4314421111815854,0.3855436118025528
,,,,,,,,,,,,,,,0.23208333333333336,0.20958333333333334,0.21833333333333335,0.17208333333333334,0.215,0.16833333333333333,0.20125,0.185,0.16458333333333333,0.16166666666666668,,var150,Porcentaje de la población que está satisfecha con los niveles de ruido de la calle,Porcentaje de la población que está satisfecha con los niveles de ruido de la calle,Lima Como Vamos,Porcentaje,+,9,,2010,2019,16.510416666666668,7.708333333333334,0.9,0.1,0.19249999999999998,,2030,colateral,instrumental,1,11,,11.6,Lima Metropolitana,calid_ruido,0.4314421111815854,0.3855436118025528
,,,,,,,,,,,,,,,0.4458333333333333,0.47227722772277236,0.48416666666666675,0.32833333333333337,0.3816666666666667,0.34625,0.395,0.38,0.3995833333333333,0.4,,var153,Porcentaje de la población que se siente satisfecho de vivir en Lima,Porcentaje de la población que se siente satisfecho de vivir en Lima,Lima Como Vamos,Porcentaje,+,9,,2010,2019,48.020833333333336,28.541666666666664,0.9,0.1,0.55,,2030,colateral,instrumental,1,11,,11.7,Lima Metropolitana,satis_vida,0.4314421111815854,0.3855436118025528
,,,,,,,,,,,,,,,0.24166666666666667,0.16086503387180826,0.24083333333333334,0.16875,0.18625000000000003,0.16333333333333333,0.18208333333333335,0.18333333333333335,0.1925,0.19083333333333335,,var154,Porcentaje de la población que se siente segura viviendo en Lima,Porcentaje de la población que se siente segura viviendo en Lima,Lima Como Vamos,Porcentaje,+,9,,2010,2019,17.708333333333332,7.60812923397603,0.9,0.1,0.23625000000000002,,2030,colateral,instrumental,1,11,16.0,11.7,Lima Metropolitana,segur_lima,0.4314421111815854,0.3855436118025528
,,,,,,,,,,,,,,,0.37124999999999997,0.31916666666666665,0.3041666666666667,0.25125,0.2908333333333334,0.26083333333333336,0.2729166666666667,0.25708333333333333,0.22958333333333336,0.23208333333333336,,var156,Porcentaje de la población que están satisfechos con la cantidad de áreas verdes y árboles,Porcentaje de la población que están satisfechos con la cantidad de áreas verdes y árboles,Lima Como Vamos,Porcentaje,+,9,,2010,2019,33.90625,16.197916666666668,0.9,0.1,0.298125,,2030,colateral,instrumental,1,11,,11.7,Lima Metropolitana,satis_verde,0.4314421111815854,0.3855436118025528
,,,,,,,,,,,,,,,0.43666666666666665,0.39875000000000005,0.4287500000000001,0.35750000000000004,0.4083333333333333,0.2858333333333334,0.35875,0.305,0.265,0.20500000000000002,,var157,Porcentaje de la población que está satisfecha con el sistema de recojo de basura,Porcentaje de la población que está satisfecha con el sistema de recojo de basura,Lima Como Vamos,Porcentaje,+,9,,2010,2019,42.083333333333336,13.125,0.9,0.1,0.2575,,2030,colateral,instrumental,1,11,,11.7,Lima Metropolitana,satis_basu,0.4314421111815854,0.3855436118025528
,,,,,,,,,,,,,,,0.21250000000000002,0.22875,0.19833333333333333,0.19416666666666668,0.20166666666666666,0.22333333333333336,0.20583333333333334,0.18208333333333335,0.1575,0.15958333333333335,,var158,Porcentaje de la población que está satisfecha con la calidad de las playas,Porcentaje de la población que está satisfecha con la calidad de las playas,Lima Como Vamos,Porcentaje,+,9,,2010,2019,16.09375,7.187499999999999,0.9,0.1,0.18937500000000002,,2030,colateral,instrumental,1,11,,11.7,Lima Metropolitana,satis_playa,0.4314421111815854,0.3855436118025528
,,,,,,,,,,,,,,,0.1,0.1,0.1,0.1,0.2554166666666666,0.3504166666666667,0.39583333333333337,0.32999999999999996,0.24791666666666667,0.29000000000000004,,var159,Porcentaje de la población que está satisfecha con el espacio público disponible,Porcentaje de la población que está satisfecha con el espacio público disponible,Lima Como Vamos,Porcentaje,+,5,,2014,2019,36.979166666666664,0.0,0.9,0.1,0.385,,2030,colateral,instrumental,1,11,,11.7,Lima Metropolitana,satis_espa,0.4314421111815854,0.3855436118025528
,,,,,,,,,,,,,,,,,0.23283739781522586,0.224112371522789,0.23776219388563247,0.2554242001312882,0.22286472357240358,0.2165347362458199,0.21647071694455203,0.21704213229049835,,var161,Área total dedicada a áreas verdes por persona (m2 por persona),Área total dedicada a áreas verdes por persona (m2 por persona),RENAMU-INEI,Razón,+,7,,2012,2019,4.291650726125194,3.2160476716314426,0.9,0.1,0.4259393390674514,,2030,instrumental,instrumental,1,11,,11.7,Lima Metropolitana,area_verde,0.4314421111815854,0.3855436118025528
,,,,,,,,,,,0.45862068965517266,0.45862068965517266,0.4862068965517242,0.4862068965517242,0.4310344827586208,0.4862068965517242,0.5137931034482758,0.5689655172413793,0.4862068965517242,0.5137931034482758,0.4034482758620691,0.45862068965517266,0.4310344827586208,,,var165,Acidez media del mar (pH) medida en un conjunto convenido de estaciones de muestreo representativas (pH) (valores mínimo) Chorrillos,Acidez media del mar (pH) medida en un conjunto convenido de estaciones de muestreo representativas (pH) (valores mínimo) Chorrillos,ODS - INEI,pH,-,12,,2006,2018,7.8,7.2,0.9,0.1,0.6241379310344828,,2030,instrumental,colateral,1,14,,14.3,Chorrillo,acide_chor,0.4314421111815854,0.3855436118025528
,,,,,,,,,,,0.3758620689655172,,0.4310344827586208,0.4862068965517242,0.4310344827586208,0.7896551724137931,0.4862068965517242,0.6241379310344828,0.4310344827586208,0.45862068965517266,0.4034482758620691,0.4034482758620691,0.4310344827586208,,,var167,Acidez media del mar (pH) medida en un conjunto convenido de estaciones de muestreo representativas (pH) (valores mínimo) Pucusana,Acidez media del mar (pH) medida en un conjunto convenido de estaciones de muestreo representativas (pH) (valores mínimo) Pucusana,ODS - INEI,pH,-,12,,2006,2018,7.9,0.0,0.9,0.1,0.6241379310344828,,2030,instrumental,colateral,1,14,,14.3,Pucusana,acide_pucu,0.4314421111815854,0.3855436118025528
,,,,,,,,,,,,,,,0.8899945879484242,0.8900258288198901,0.8900444383144563,0.8900530519438911,0.8900613322552217,0.8900668722319871,0.8900722742840198,0.8900778855218971,0.8900843553412359,,,var169,Porcentaje de superficie por reforestar (hectáreas),Porcentaje de superficie por reforestar (hectáreas),El ratio es trabajado por el equipo PNUD. Superficie en hectáreas del departamento de Lima: 34801590,Porcentaje,-,8,,2010,2018,1.2506765064469756,1.2394555823455193,0.9,0.1,0.8901552916271926,,2030,instrumental,instrumental,1,15,,15.1,Lima,supe_refor,0.4314421111815854,0.3855436118025528
,,,,,,,,,,,,,,,,,,,,0.8979030109831189,0.8971548058580082,0.897583482134006,0.8978942286257611,,,var173,Proporción de la superficie de los ecosistemas degradados (hectáreas),Proporción de la superficie de los ecosistemas degradados (hectáreas),El ratio es trabajado por el equipo PNUD. Superficie en hectáreas del departamento de Lima: 34801590,Porcentaje,-,3,,2015,2018,0.35564926774897354,0.2621236271101407,0.9,0.1,0.8989600000000001,,2030,instrumental,instrumental,1,15,,15.3,Lima,supe_degra,0.4314421111815854,0.3855436118025528
,,,,,,,,,,,,,,,0.8287680000000001,0.710936,0.7950160000000001,0.807504,0.585592,0.773888,0.78244,0.17911200000000005,0.6939040000000001,,,var174,Pérdida de la cobertura vegetal en ecosistemas costeros y andinos (hectáreas),Pérdida de la cobertura vegetal en ecosistemas costeros y andinos (hectáreas), MINAM - Dirección General de Ordenamiento Territorial Ambiental - DGOTA / SINIA,Número,-,8,,2010,2018,901.11,89.04,0.9,0.1,0.8287680000000001,,2030,instrumental,instrumental,1,15,,15.4,Lima,perd_vege,0.4314421111815854,0.3855436118025528
,,,,,,,,,,,,,,,,,0.5778778400000001,0.5792372,0.6276604,0.6230547200000001,0.62691464,0.64489376,0.65802168,0.64487432,0.67750336,var175,Tasa de victimización por personas,Tasa de victimización por personas,ENAPRES - INEI,Porcentaje,-,8,,2012,2020,40.26527,27.81208,0.9,0.1,0.7888000000000001,,2030,instrumental,instrumental,1,16,,16.1,Lima Metropolitana,tasa_victim,0.4314421111815854,0.3855436118025528
,,,,,,,,,,,,,,,,,0.74260464,0.75858424,0.77336984,0.75980296,0.812864,0.77378416,0.81922776,0.76212048,0.80203984,var176,"Porcentaje de la población víctima de robo de dinero, cartera y celular en los últimos 12 meses","Porcentaje de la población víctima de robo de dinero, cartera y celular en los últimos 12 meses",ENAPRES - INEI,Porcentaje,-,8,,2012,2020,19.67442,10.09653,0.9,0.1,0.8512000000000001,,2030,instrumental,instrumental,1,16,,16.1,Lima Metropolitana,tasa_robo,0.4314421111815854,0.3855436118025528
,,,,,,,,,,,,,,,,,,0.828246,0.8476216799999999,0.84954096,0.86601992,0.84725024,0.8603063200000001,0.8445013600000001,0.85440448,var177,"Porcentaje de la población víctima de intento de robo de dinero, cartera y celular en los últimos 12 meses","Porcentaje de la población víctima de intento de robo de dinero, cartera y celular en los últimos 12 meses",ENAPRES - INEI,Porcentaje,-,7,,2013,2020,8.969249999999999,4.24751,0.9,0.1,0.8772000000000001,,2030,instrumental,instrumental,1,16,,16.1,Lima Metropolitana,intent_robo,0.4314421111815854,0.3855436118025528
,,,,,,,,,,,,,,,,,0.8999616,0.8999616,0.8999616,0.8999624,0.89996,0.8999424,0.8999408,0.8999384,,var178,Tasa de homicidios dolosos por cada 100 mil habitantes,Tasa de homicidios dolosos por cada 100 mil habitantes,ODS - INEI,Tasa,-,7,,2012,2019,7.7,4.7,0.9,0.1,0.9,,2030,instrumental,instrumental,1,16,,16.1,Provincia de Lima,tasa_homi,0.4314421111815854,0.3855436118025528
,,,,,,,,,,,,,,,,,,0.4256000000000001,0.4184,0.40560000000000007,0.39360000000000006,0.4256000000000001,0.42000000000000004,0.3984,,var182,Proporción de la población de 15 a más años de edad que se siente segura al caminar de noche en su zona o barrio,Proporción de la población de 15 a más años de edad que se siente segura al caminar de noche en su zona o barrio,ODS - INEI,Porcentaje,+,6,,2013,2019,40.7,36.7,0.9,0.1,0.5476,,2030,instrumental,instrumental,1,16,,16.1,Provincia de Lima,segu_noche,0.4314421111815854,0.3855436118025528
,,,,,,,,,,,,,,,0.22560000000000002,0.2016,0.19840000000000002,0.2048,0.2088,0.20400000000000001,0.1936,0.22160000000000002,0.24,0.2464,,var184,"Proporción de la población de 15 a más años de edad, víctima de algún hecho delictivo, que realizó la denuncia","Proporción de la población de 15 a más años de edad, víctima de algún hecho delictivo, que realizó la denuncia",ODS - INEI,Porcentaje,+,9,,2010,2019,18.3,11.7,0.9,0.1,0.39280000000000004,,2030,instrumental,colateral,1,16,,16.3,Provincia de Lima,tasa_delito,0.4314421111815854,0.3855436118025528
,,,,,,,,,,,,,,,,,0.3832000000000001,0.4264,0.404,0.37439999999999996,0.4848,0.47440000000000004,0.48719999999999997,0.5928,,var185,Proporción de detenidos que no han sido condenados en el conjunto de la población reclusa total,Proporción de detenidos que no han sido condenados en el conjunto de la población reclusa total,ODS - INEI,Porcentaje,-,7,,2012,2019,65.7,38.4,0.9,0.1,0.7464000000000001,,2030,instrumental,colateral,1,16,,16.3,Provincia de Lima,sin_conden,0.4314421111815854,0.3855436118025528
,,,,,,,,,0.8632,0.8664,0.852,0.8416,0.8312,0.8423999999999999,0.8512000000000001,0.8536,0.856,0.864,0.8736,0.8672,0.8543999999999999,0.8712,0.8752,0.8623999999999999,0.8784,var186,"Proporción de hogares que han tenido por  lo menos un contacto con un funcionario público y que pagaron un soborno a un funcionario público, o tuvieron la experiencia de que un funcionario público les piiera que lo pagaran, durante los 12 meses anteriores.","Proporción de hogares que han tenido por  lo menos un contacto con un funcionario público y que pagaron un soborno a un funcionario público, o tuvieron la experiencia de que un funcionario público les pidiera que lo pagaran, durante los 12 meses anteriores.",ODS - INEI,Porcentaje,-,15,,2004,2019,8.6,2.7,0.9,0.1,0.9,,2030,instrumental,instrumental,1,16,,16.5,Lima Metropolitana,pobl_soborn,0.4314421111815854,0.3855436118025528
